{
  "abf_no_a": {
    "top": 8.058152082279548,
    "left": 57.99586056644881,
    "width": 6.8,
    "height": 3,
    "maxLines": 1
  },
  "abf_no_b": {
    "top": 10.832919045210396,
    "left": 58.00631808278867,
    "width": 6.8,
    "height": 3,
    "maxLines": 1
  },
  "name_a": {
    "top": 7.796001637883278,
    "left": 66.27472766884533,
    "width": 32.16143790849673,
    "height": 3.1,
    "maxLines": 1
  },
  "name_b": {
    "top": 10.570768600814125,
    "left": 66.06535947712419,
    "width": 32.597167755991286,
    "height": 3.254153720162825,
    "maxLines": 1
  },
  "basic_system": {
    "top": 13.754153720162824,
    "left": 58.10479302832245,
    "width": 40.55773420479303,
    "height": 3.3,
    "maxLines": 1
  },
  "open_1c": {
    "top": 21.98,
    "left": 53.11,
    "width": 21.46,
    "height": 2.22,
    "maxLines": 1
  },
  "open_1d": {
    "top": 24.63,
    "left": 53.11,
    "width": 21.46,
    "height": 2.22,
    "maxLines": 1
  },
  "open_1h": {
    "top": 21.98,
    "left": 77.25,
    "width": 21.46,
    "height": 2.22,
    "maxLines": 1
  },
  "open_1s": {
    "top": 24.63,
    "left": 77.25,
    "width": 21.46,
    "height": 2.22,
    "maxLines": 1
  },
  "open_1nt": {
    "top": 26.621234674952426,
    "left": 53.40697167755991,
    "width": 31.97908496732026,
    "height": 3.5209239588602257,
    "maxLines": 1
  },
  "resp_1nt_2c": {
    "top": 30.474153720162825,
    "left": 61.07000000000001,
    "width": 37.41,
    "height": 2.22,
    "maxLines": 1
  },
  "resp_1nt_2d": {
    "top": 33.5766148806513,
    "left": 54.12320261437909,
    "width": 20.67,
    "height": 2.22,
    "maxLines": 1
  },
  "resp_1nt_2h": {
    "top": 36.38076860081412,
    "left": 54.12320261437909,
    "width": 20.67,
    "height": 2.22,
    "maxLines": 1
  },
  "resp_1nt_2s": {
    "top": 33.26830744032565,
    "left": 77.91893246187364,
    "width": 20.67,
    "height": 2.22,
    "maxLines": 1
  },
  "resp_1nt_2nt": {
    "top": 36.38076860081412,
    "left": 78.02786492374727,
    "width": 20.67,
    "height": 2.22,
    "maxLines": 1
  },
  "resp_1nt_dbl": {
    "top": 39.02076860081412,
    "left": 54.21786492374728,
    "width": 20.89,
    "height": 2.22,
    "maxLines": 1
  },
  "resp_1nt_other": {
    "top": 39.17492232097695,
    "left": 78.02572984749456,
    "width": 20.89,
    "height": 2.22,
    "maxLines": 1
  },
  "open_2c": {
    "top": 42.37492232097695,
    "left": 53.11,
    "width": 45.6,
    "height": 2.22,
    "maxLines": 1
  },
  "open_2d": {
    "top": 45.169076041139775,
    "left": 53.32786492374728,
    "width": 45.6,
    "height": 2.22,
    "maxLines": 1
  },
  "open_2h": {
    "top": 47.346614880651295,
    "left": 53.32786492374728,
    "width": 45.6,
    "height": 2.22,
    "maxLines": 1
  },
  "open_2s": {
    "top": 49.986614880651295,
    "left": 53.43679738562091,
    "width": 45.6,
    "height": 2.22,
    "maxLines": 1
  },
  "open_2nt": {
    "top": 53.397383481465425,
    "left": 53.56,
    "width": 21.01,
    "height": 2.22,
    "maxLines": 1
  },
  "open_3nt": {
    "top": 53.243229761302594,
    "left": 78.01679738562092,
    "width": 21.01,
    "height": 2.22,
    "maxLines": 1
  },
  "open_other": {
    "top": 55.89322976130259,
    "left": 53.28213507625272,
    "width": 45.3,
    "height": 2.4,
    "maxLines": 1
  },
  "prealerts_notes": {
    "top": 60.47507767902305,
    "left": 50.89259259259259,
    "width": 47.805664488017435,
    "height": 8.158152082279548,
    "maxLines": 2
  },
  "comp_general": {
    "top": 67.87,
    "left": 77.81,
    "width": 20.89,
    "height": 2.22,
    "maxLines": 1
  },
  "doubles_1": {
    "top": 70.51,
    "left": 55.38,
    "width": 29.98,
    "height": 2.22,
    "maxLines": 1
  },
  "neg_x_limit": {
    "top": 73.59307440325651,
    "left": 93.68786492374727,
    "width": 5.23,
    "height": 2.22,
    "maxLines": 1
  },
  "doubles_2": {
    "top": 73.15,
    "left": 51.17,
    "width": 34.18,
    "height": 2.22,
    "maxLines": 1
  },
  "resp_x_limit": {
    "top": 75.6164595226052,
    "left": 94.97572984749456,
    "width": 3.9521350762527234,
    "height": 2.374153720162825,
    "maxLines": 1
  },
  "jump_overcall": {
    "top": 75.79,
    "left": 57.51,
    "width": 18.62,
    "height": 2.22,
    "maxLines": 1
  },
  "unusual_nt": {
    "top": 77.96708095478961,
    "left": 83.10196078431372,
    "width": 16.003485838779955,
    "height": 2.825233037069152,
    "maxLines": 1
  },
  "overcall_1nt": {
    "top": 78.43,
    "left": 61.56,
    "width": 15.61,
    "height": 2.22,
    "maxLines": 1
  },
  "reopen_1nt": {
    "top": 81.05061324276802,
    "left": 82.99106753812636,
    "width": 15.61,
    "height": 2.22,
    "maxLines": 1
  },
  "immed_cue_minor": {
    "top": 81.08,
    "left": 60.8,
    "width": 16.98,
    "height": 2.22,
    "maxLines": 1
  },
  "immed_cue_major": {
    "top": 83.39230580244238,
    "left": 82.48252723311546,
    "width": 16.118540305010892,
    "height": 2.8366148806513,
    "maxLines": 1
  },
  "compete_weak2": {
    "top": 86.49476696293084,
    "left": 59.578932461873634,
    "width": 13.77,
    "height": 2.22,
    "maxLines": 1
  },
  "compete_open3": {
    "top": 86.95722812341933,
    "left": 80.87786492374727,
    "width": 18.04,
    "height": 2.22,
    "maxLines": 1
  },
  "transfers_1": {
    "top": 89.75138184358215,
    "left": 59.813202614379094,
    "width": 38.57,
    "height": 2.22,
    "maxLines": 1
  },
  "compete_1nt_1": {
    "top": 92.30138184358213,
    "left": 58.293202614379084,
    "width": 40.08,
    "height": 2.22,
    "maxLines": 1
  },
  "compete_1nt_2": {
    "top": 94.17061324276801,
    "left": 51.061067538126366,
    "width": 47.74786492374727,
    "height": 3.1449223209769497,
    "maxLines": 1
  },
  "compete_1nt_3": {
    "top": 97.2730744032565,
    "left": 50.73427015250545,
    "width": 47.53,
    "height": 2.22,
    "maxLines": 1
  },
  "basic_response_style": {
    "top": 1.96,
    "left": 22.61,
    "width": 26.15,
    "height": 2.22,
    "maxLines": 1
  },
  "jump_raise_minor": {
    "top": 4.6,
    "left": 9.74,
    "width": 39.03,
    "height": 2.22,
    "maxLines": 1
  },
  "jump_raise_major": {
    "top": 7.24,
    "left": 9.74,
    "width": 39.03,
    "height": 2.22,
    "maxLines": 1
  },
  "minor_jump_shift": {
    "top": 9.88,
    "left": 13.95,
    "width": 34.82,
    "height": 2.22,
    "maxLines": 1
  },
  "major_jump_shift": {
    "top": 12.52,
    "left": 13.95,
    "width": 34.82,
    "height": 2.22,
    "maxLines": 1
  },
  "response_strong_2": {
    "top": 15.17,
    "left": 13.95,
    "width": 34.82,
    "height": 2.22,
    "maxLines": 1
  },
  "response_2nt": {
    "top": 17.81,
    "left": 13.95,
    "width": 34.82,
    "height": 2.22,
    "maxLines": 1
  },
  "leads_sequences": {
    "top": 29.6,
    "left": 8.5,
    "width": 12.6,
    "height": 4.2,
    "maxLines": 1
  },
  "discards": {
    "top": 42.7,
    "left": 7.8,
    "width": 14.5,
    "height": 4.1,
    "maxLines": 1
  },
  "signals": {
    "top": 47.6,
    "left": 6.8,
    "width": 16.2,
    "height": 8.2,
    "maxLines": 2
  },
  "play_notes": {
    "top": 23,
    "left": 2,
    "width": 42.2,
    "height": 6,
    "maxLines": 2
  },
  "rkcb_style": {
    "top": 61.1,
    "left": 13.982135076252723,
    "width": 8.7,
    "height": 3.8,
    "maxLines": 1
  },
  "gerber_when": {
    "top": 59.1998446419539,
    "left": 31.798540305010896,
    "width": 16.1,
    "height": 2.22,
    "maxLines": 1
  },
  "four_nt_other": {
    "top": 61.8398446419539,
    "left": 22.72106753812636,
    "width": 25.93,
    "height": 2.22,
    "maxLines": 1
  },
  "slam_notes_1": {
    "top": 64.17153720162825,
    "left": 15.437472766884529,
    "width": 32.56,
    "height": 2.22,
    "maxLines": 1
  },
  "slam_notes_2": {
    "top": 66.81153720162824,
    "left": 0.46747276688453154,
    "width": 47.53,
    "height": 2.22,
    "maxLines": 1
  },
  "slam_notes_3": {
    "top": 68.99907604113977,